,user name,tweet
0,â˜ï¸,"heeeeey im relapsing and want more/ new moots as this account is so dead :D

&lt;3 she/her
&lt;3 sh and ed 
&lt;3 17,, no under 15 pls
&lt;3 gw is 45kg 

tags : #edtwt #ana #thinsp0 #fatsp0 #shtwt #owietwt #meanspo #proana #pr0ana (not proana just for tags &lt;3"
1,calorina,RT @45kilos2: new year new motivation to starve (*ï¼¾3ï¼¾)/ï½&lt;3 #edtwt #ana #proana #thinspo
2,Bee,"January accountability check 
Iâ€™m trying to stay below 600 today #edtwt #edtwtdiet #medres #thinspo #proana #anamia https://t.co/cjj155iWJ2"
3,ğŸ’€MaxxğŸ’€,"RT @nxzobii: itâ€™s better for you to stay hungry yk 
we all know u go insane and donâ€™t know how to stop once u taste food

#sweetspo #proanaâ€¦"
4,ğŸŒ¸LilithğŸŒ¸,This is my gf application for #edtwt bc I wanna date someone from #proana twt so bad
5,florencia,"Today's thinspo ğŸ¥º
#thinspo #thin #proana #promia #edtwt https://t.co/LztpPdbe0s"
6,Jordan ğŸ’,RT @goremachines: a thigh gap is all i need rn #thinspo #thighgap #thighgal #skinny #proana #meanspo #edtwt #bonespo #ana https://t.co/ckI9â€¦
7,lydia,RT @goremachines: 2022 resolution: get skinny #thinspo #thighgap #skinny #proana #meanspo #edtwt #bonespo #ana https://t.co/Vm3itx7hzv
8,star (relapse era),RT @minsthinspo: tags: #thinspo #armspo #legso #edtwt #proana #bonespo https://t.co/8OXXfzQXDV
9,Ciri ğŸ‡ºğŸ‡¸ğŸ£ğŸ‡¬ğŸ‡§ğŸ’,@YouTube @instagram @Twitch Stop promoting harmful #ProAna Content makers. #EugeniaCooney is very clearly body checking and doesn't care about the millions of young people who are also suffering from #DisorderedEating Start protecting the people who are at risk. https://t.co/cnrUimt8EB
10,Fat Cow,had 880 cal today I will do better tomorrow #edtwt #calories #anorexia #anorexic #edthings #proana
11,jovie,RT @EElanorEl: best ed films and tv shows: a thread ğŸ–¤ #promia #proana #EDtwt https://t.co/ZDRjKwW2sH
12,jovie,"can't imagine how powerfull i would feel if i looked like this
#proana #promia #bones #edtwt #hungry #skinny https://t.co/ao5BDEFBUt"
13,Ù‹,tags: #thinspo #armspo #legso #edtwt #proana #bonespo https://t.co/8OXXfzQXDV
14,Lucky,"RT @saca_the_caca: Hey :) 
Iâ€™m Saka 
I recently â€œrecoveredâ€ from my eating disorder and gained 23 lbs. From 82lbs to 105lbs  I want to go bâ€¦"
15,Lucky,"RT @saca_the_caca: 01/05/2022 
What I ate today: 
Sparkling water 5 cal
Coffee 0 cal
Lemonade w/ SF sugar 0 cal (x2)
Diet soda 0 cal (x2)â€¦"
16,Lucky,"RT @saca_the_caca: 01/03/2022
What I ate today: 
Lemonade w/ SF sugar 0 cal
Black tea 0 cal
Chicken dumplings x13 (threw up right after) soâ€¦"
17,Lucky,"RT @R_NDOM_GRL: If this gets removed Iâ€™m kms 
#thinspo #ed #edtwt #proana #promia https://t.co/7S8sZJIHaK"
18,Saca,"01/06/2022
What I ate today: 
Apple sauce 50 cal
Coffee 0 cal
Lemonade 0 cal 
Tea (x2) 0 cal 
Diet GA 5 cal
Mini Cucumber (x3) 23 cal
Salad 150 cal
Pumpkin choc pudding 68 cal 
Exercise: -362 cal
NET: -66 cal
#edtwt #proana #thinspo #meanspo #sweetspo #ricecaketwt #ana #bonespo"
19,thinner,I ate two egg bites from Starbucks and a lean cuisine today. Had one peppermint iced coffee and two mountain dews. Gotta be strict tomorrow. #accountabilitypost #edtwt #proana #moots
20,Ana Winter,mommy arms were thin because i just my thighs #proana
21,liz,a thigh gap is all i need rn #thinspo #thighgap #thighgal #skinny #proana #meanspo #edtwt #bonespo #ana https://t.co/ckI9AXn0Ey
22,bubble girl,being hungry is the hardest at night ğŸ’€ but i did good today 100 cals only! &lt;3 #thinspo #fatspo #ana #proana #skinny #weightgoal #fat
23,bubble girl,trying to be as skinny as that girl in my class like ugh #skinnygoals #starving #proana #thinspo #fatspo #thin #skinny
24,M4NT4,"RT @bulimicbiitch: thighs goals

#thinspo #sweetspo #proana #edtwt #meansp0 #ana https://t.co/VZvb4GYMLn"
25,bubble girl,okay so i had abt 100 calories- just one carton of raspberries with is around 2 cups making it like 80-120 calories but im not for sure so im gonna just leave off eating there #ana #thin #skinny #thinspo #goal #proana
26,Bee,Honestly I donâ€™t think Iâ€™m gonna let my vÄ«rgÃ­Ã± self do the dirty until I get down to 115 lbs. 18-19 lbs to go ğŸ¥²#edtwt #edtwtdiet #rexie #proana
27,bubble girl,if i ate 300 calories a day probably burning a lot off how much weight could i lose by feb 14? trying to look good id mostly be eating fruit and what not #proana #thinspo #diet #fatspo #skinny #thread #ana
28,ha,"RT @thintentions: ğŸŒ¿ 186 CAL DINNER RECIPE ğŸŒ¿

- 
#edtwt #proana https://t.co/Ed3NE86vqW"
29,MiağŸ–¤,"Things to eat that won't make you gain weight - a thread ğŸ§µ
#edtwt #proana #fasting"
30,Coco,Pls 3nd me #BMI #nhsbmi #EDtwt #edtwtdiet #diet #loseweight #Motivation #proana #thinsp0 #thinspiration #fatsp0 https://t.co/A26879Hn79
31,â€¢AmanXaâ€¢ğŸ‡©ğŸ‡ªğŸ‡ºğŸ‡¸ğŸ‡¨ğŸ‡³,"RT @skeIetonskinny: Victoria's secret fashion show was and still is the best thinspo ever 

#thinspo #ricecaketwt #edtwt #proana"
32,Joker! Nuna! ê ğŸ’,"RT @s0larcals: Tw ed 
#ana #proana #thinspo
#legspo #waistpo #EDtwt #skinny #meansp0 https://t.co/wUcNmUSOgm"
33,Arrow,"RT @kanade_vk: Is it just me? ok
#edtwt #edmeme #proana https://t.co/9dwguNxG2A"
34,Xion,"Tags
#edtwt #ed #ana #mia #twed #proana #promia #notproanythingjusttags #skinny #thinspo #bonespo"
35,â£ nene âœ¯,RT @goremachines: 2022 resolution: get skinny #thinspo #thighgap #skinny #proana #meanspo #edtwt #bonespo #ana https://t.co/Vm3itx7hzv
36,"adam/tw// ed twt/ suicide, self harm/maybe proana?",RT @rotfromwithin: ugh thinspo #edtwt #ed #thinspo #ana #diet #proana https://t.co/FRTSx7e67v
37,Suicidal Boy !,"RT @irllyh8calories: â™¡Random diets i have saved on my phone
-
-
#proana #diets #diet #anadiet #weightloss #proed #edtips #ana #ed https://tâ€¦"
38,ã‚†ã,RT @r4v3nsth1nsp0: NOT MY PICS} but huge thinspo 4 me #proana #probulimia #thinspo #deathspo #aesthetic #skinny #bonespo #anorexia #bulimiaâ€¦
39,rose,didnâ€˜t eat today + went running for 30 min. i feel good asl yâ€™all canâ€˜t even imagine #edtwt #proana #ed
40,Narciso || read carrd byf,"RT @frailivy: PLEASE-
#edtwt #twilight #ana #mia #proana #meme #anameme https://t.co/2Jy2Qo9eZ8"
41,owen â˜† edtwt & shtwt,"RT @frailivy: PLEASE-
#edtwt #twilight #ana #mia #proana #meme #anameme https://t.co/2Jy2Qo9eZ8"
42,MeanspoDaddy,Normally on tumblr but I thought I'd come check out #anatwt and see what its all about. #edtwt #proana #anacoach #edcoach #meanspo
43,Aliyah | shtwt | edtwt,"âœ§ï½¥ï¾Ÿ:* My weight loss thread *:ï½¥ï¾Ÿâœ§

Iâ€™ll update how much I weigh here. Iâ€™m aiming for a weigh in every two weeks. Iâ€™ll also try to mention the amount of calories for every two weeks. #edtwt #proana #thinspo #ana #eatingdisorder"
44,sky is starving,RT @Ana___Winter: Diet Coke are no friends   why ice #proana
45,Grand Risings,"RT @ProAnaBeauty1: How to burn 100 calories? Now u know. Its easy â¤ğŸ¦‹
#ProAna
#Workout
#Meanspo
#Thinspo
#100calories https://t.co/A09jCpIFou"
46,:),not me being torn between my ed and my alcoholism #edtwt #edtwtthread #proana
47,Veigelign,"RT @skintibinti: some leg thinspo for my comrades
#thinspo #edtwt #ana #anatwt #mia #miatwt #ricecaketwt
#ed #proana #promia #legspo (not pâ€¦"
48,ğ–˜ğ–ğ–ğ–“ ğ–†ğ–“ğ–‰ ğ–‡ğ–”ğ–“ğ–Šğ–˜,"RT @IEdtwt: *Â°:â‹†â‚“â‚’here are some of my favorite workout videos for the different parts of the bodyâ‚“â‚’â‹†:Â°*
                 (a thread)

I hopeâ€¦"
49,ğŸ¦–Rae Webster ğŸ¦–,@VirginAtlantic Good to see @VirginAtlantic advertising normal shaped women rather than anorexic sticks and waifs #Advertising #proana
50,Bee,Woke up an hour ago and already consumed 400 calories wow ğŸ˜­ I need to burn it all off and will now be looking up workouts I can do unnoticed in class #edtwt #edtwtdiet #calories #fatspo #proana
51,misophisoup,"RT @R_NDOM_GRL: If this gets removed Iâ€™m kms 
#thinspo #ed #edtwt #proana #promia https://t.co/7S8sZJIHaK"
52,â˜¾ â™¡ toby â™¡ â˜½,RT @goremachines: 2022 resolution: get skinny #thinspo #thighgap #skinny #proana #meanspo #edtwt #bonespo #ana https://t.co/Vm3itx7hzv
53,Dux Ghost,RT @S4dM3rcy: I love when men. Okay anyways thinspo #proana #ana #edtwt #edtw #Mia #promia #notprojustusingtags #skinny #weightloss #skinnyâ€¦
54,Dux Ghost,"RT @starving_moon: Today's thinspo is dedicated to all the men among us! Stay safe guys! &lt;3

#thinspo #malespo #proana #edtwt #anorexia #anâ€¦"
55,E,"I donâ€™t need to look at fatspo, Iâ€™m my own fatspo :( #edtwt #fatspo #proana"
56,Ana Winter,Diet Coke are no friends   why ice #proana
57,rice,"RT @blue10431614: #mascspo thread for my non binaries/tomboys/guys or just masc cuties in generall ğŸ¤ğŸ¤ğŸ¤

#malespo #ed #edtwt #proana #sweetsâ€¦"
58,Teeth4Tea,RT @r4v3nsth1nsp0: NOT MY PICS} but huge thinspo 4 me #proana #probulimia #thinspo #deathspo #aesthetic #skinny #bonespo #anorexia #bulimiaâ€¦
59,REX,RT @minsthinspo: tags: #thinspo #armspo #legso #edtwt #proana #bonespo https://t.co/LtyLJhFcg2
60,Saca,"01/05/2022 
What I ate today: 
Sparkling water 5 cal
Coffee 0 cal
Lemonade w/ SF sugar 0 cal (x2)
Diet soda 0 cal (x2) 
Tea 0 cal (x2) 
Ham, cheese, veg wrap 164cal
Exercise: -446 cal

NET: -277 cal 
#edtwt #thinspo #proana #anatwt #meanspo #sweetspo #bodycheck #legspo #bonespo"
61,the edgy wanarexic,"RT @SKlNNYDlOR: how to avoid overeating: a thread!

#edtwt #proana â˜•ï¸ https://t.co/j7KHhLwDPc"
62,bug,RT @goremachines: somebody buy me these pjssssss #thinspo #thighgap #skinny #proana #meanspo #edtwt #bonespo #ana https://t.co/BPGnGPw6TO
63,ZeroCokeKcals,"RT @Thin_Meow: ğŸ’•This body is goalsğŸ’•

#edtwt
#proana
#thinsp0 
#thighgap
#skinny https://t.co/uiqQCWLcG5"
64,bug,RT @goremachines: 2022 resolution: get skinny #thinspo #thighgap #skinny #proana #meanspo #edtwt #bonespo #ana https://t.co/Vm3itx7hzv
65,Adelina â˜½,"RT @jiwonspo: a thread of lazy / lying down / workouts you can do in bed w/ fitspo and thinspo â‹† Ëšï½¡â‹†à­¨à­§Ëš

[tagz: edtwt thread #edtwt fitspoâ€¦"
66,yota is starving. ğŸ¯ğŸ§¸,"RT @blue10431614: #mascspo thread for my non binaries/tomboys/guys or just masc cuties in generall ğŸ¤ğŸ¤ğŸ¤

#malespo #ed #edtwt #proana #sweetsâ€¦"
67,kate moss wannabe,"RT @skinnykittenlol: #proana whatsapp group! 

â™¡daily weight-checks
â™¡meanspo
â™¡tips on loosing weight fast
â™¡thinspo 
â™¡can be toxic if yall wâ€¦"
68,ria,RT @goremachines: 2022 resolution: get skinny #thinspo #thighgap #skinny #proana #meanspo #edtwt #bonespo #ana https://t.co/Vm3itx7hzv
69,ğŸŒ™,RT @goremachines: 2022 resolution: get skinny #thinspo #thighgap #skinny #proana #meanspo #edtwt #bonespo #ana https://t.co/Vm3itx7hzv
70,ğŸŒ™,RT @rotfromwithin: ugh thinspo #edtwt #ed #thinspo #ana #diet #proana https://t.co/FRTSx7e67v
71,â˜¾ he/xt/voh,not pro just using tags #edtwt #proana #pr0ana #meanspo #meansp0 #thinspo #thinsp0
72,ava,buying laxatives is soooooo embarrassing #edtwt #bulimic #proana
73,katz,heyy!! my last acc got deleted so here we are again #edtwt #ed #proana
74,marija,RT @rotfromwithin: ugh thinspo #edtwt #ed #thinspo #ana #diet #proana https://t.co/FRTSx7e67v
75,Ğ°Ğ±Ğ¾Ñ€Ñ‚Ñ‹Ñˆ,RT @rotfromwithin: ugh thinspo #edtwt #ed #thinspo #ana #diet #proana https://t.co/FRTSx7e67v
76,á´Éªá´Éª ğŸ¤ğŸ¦‹,"RT @50g0al: reminder and hack: you're not hungry its just your mind tricking you into being fat. go drink some water or tea. if you must, eâ€¦"
77,á´Éªá´Éª ğŸ¤ğŸ¦‹,"RT @tryingtobe5: whenever you feel hungry or about to binge pick the seeds of a strawberry with tweezer, you get so focused #proana #EDtwt"
78,phiona,RT @CannibalSpiders: ğŸ¥± please #proana #promia #edcoach #anacoach https://t.co/8QlrW8hPP7
79,M4NT4,"RT @leafcals: tw bodycheck (old)
#thinspo #proana #notprojustforreach #anorexia #bulimia #ana #edtwt #eatingdisorder

i miss :((( https://tâ€¦"
80,M4NT4,RT @minsthinspo: tags: #thinspo #armspo #legso #edtwt #proana #bonespo https://t.co/mJ4VFXl9Kz
81,M4NT4,RT @minsthinspo: tags: #thinspo #armspo #legso #edtwt #proana #bonespo https://t.co/kTwamNMGBB
82,M4NT4,RT @minsthinspo: tags: #thinspo #armspo #legso #edtwt #proana #bonespo https://t.co/SHWqkYjlSi
83,M4NT4,RT @minsthinspo: tags: #thinspo #armspo #legso #edtwt #proana #bonespo https://t.co/KY0luGWbOj
84,ed twt x nsfw twt | bi | taken !,"RT @miriamssy_: âœ¦ â­’                     â­’ âœ¦
â˜¾ meanspo - a thread â˜½

#proanatwt #proana #edtwt #meanspo #meansp0 #EDtwt https://t.co/9TuWqNvâ€¦"
85,ed twt x nsfw twt | bi | taken !,"RT @J0HNNYSWHORE: How I fast with strict bengali parents â€” ğŸ«

#edtwt #edtwtthread #proana #proanatwt #thinsp0 https://t.co/wPXDx1Ex0W"
86,lollirot,RT @goremachines: somebody buy me these pjssssss #thinspo #thighgap #skinny #proana #meanspo #edtwt #bonespo #ana https://t.co/BPGnGPw6TO
87,Alex,"52 hours in 

#edtwt #proana #thinspo https://t.co/eqYvvX4mHD"
88,EdKal3,Body check. #thinspo #proana #anatwt https://t.co/i5CNVTufyA
89,jabbbsjakab,RT @hungrydonteat: rt to not binge this month ğŸ˜ğŸ¤š manefestting it and making a weight loss spell :) #proana #proanatips #proed #promia #proeâ€¦
90,jabbbsjakab,"RT @fluffibear: "" Coffee boosts metabolism and is perfect to drink before workouts ""
â˜•ğŸ’—
#thinspo #edtwt #proana #ana #proanatips https://t.â€¦"
91,methskinny,"RT @proanacunt: meanspo thread!! :)
#proana #edtwt #promia #proed #thinspo #fatspo #meanspo #ed #spo"
92,-Ê•â€¢Ì«Í¡â€¢Ê•â€¢Ì«Í¡â€¢Ê”â€¢Ì«Í¡â€¢Ê”â€¢Ì«Í¡â€¢Ê•â€¢Ì«Í¡â€¢Ê”â€¢Ì«Í¡â€¢Ê•â€¢Ì«Í¡â€¢Ê•â€¢Ì«Í¡â€¢Ê”_,RT @minsthinspo: tags: #thinspo #armspo #legso #edtwt #proana #bonespo https://t.co/LtyLJhFcg2
93,shi1wo,RT @r4v3nsth1nsp0: NOT MY PICS} but huge thinspo 4 me #proana #probulimia #thinspo #deathspo #aesthetic #skinny #bonespo #anorexia #bulimiaâ€¦
94,Ana Winter,Calories am 2468 because um why fat #proana
95,wren*edtwt,RT @r4v3nsth1nsp0: NOT MY PICS} but huge thinspo 4 me #proana #probulimia #thinspo #deathspo #aesthetic #skinny #bonespo #anorexia #bulimiaâ€¦
96,Gage,RT @rotfromwithin: ugh thinspo #edtwt #ed #thinspo #ana #diet #proana https://t.co/FRTSx7e67v
97,L~ edtwt//shtwt,"Its been 4 days, how do my parents not catch me fasting
#edtwt #anatwt #proana #proanatwt #ricecaketwt"
98,ğŸ˜Ÿ,"RT @1IM4YI1: short #malespo thread â˜ï¸â™¥ï¸
-&gt; tags : #edtwt #proana #thinspo #thinsp0 #ricecaketwt ğŸ¦‹ retweet please :) https://t.co/XCjfZ7ZtPy"
99,â˜¾ â™¡ toby â™¡ â˜½,"RT @neglectyou: sweetspo, a thread 
-
-
-
-
-
-
ğŸ·: #sweetspo #meanspo #edtwt #proana #thinspo #th1nspo https://t.co/fCLb6w5SsG"
100,lil ğ“ƒŸ,well this is not my first rodeo but Iâ€™m back to #proana twitter and ready to consume only #thinspo for a while
101,DaisyğŸ§ƒ,"RT @jiwonspo: a thread of lazy / lying down / workouts you can do in bed w/ fitspo and thinspo â‹† Ëšï½¡â‹†à­¨à­§Ëš

[tagz: edtwt thread #edtwt fitspoâ€¦"
102,BunnySp0,"RT @R_NDOM_GRL: If this gets removed Iâ€™m kms 
#thinspo #ed #edtwt #proana #promia https://t.co/7S8sZJIHaK"
103,KETO Fanatic,"RT @saca_the_caca: 01/03/2022
What I ate today: 
Lemonade w/ SF sugar 0 cal
Black tea 0 cal
Chicken dumplings x13 (threw up right after) soâ€¦"
104,Saca,"01/03/2022
What I ate today: 
Lemonade w/ SF sugar 0 cal
Black tea 0 cal
Chicken dumplings x13 (threw up right after) so 150(?) cals
Diet soda 0 cal
Ham, cheese, veggie wrap 156 cal 

Exercise: -360 cal
Net: -56 cal
#edtwt #thinspo #bonespo #weightloss #proana #meanspo #sweetspo"
105,Saca,"Hey :) 
Iâ€™m Saka 
I recently â€œrecoveredâ€ from my eating disorder and gained 23 lbs. From 82lbs to 105lbs  I want to go back so I will go back to old habits again

Height: 5â€™0â€ 
Cw: 105lbs
Gw:95lbs 
Ugw:85lbs 

Lowest reaches: 82lbs

#edtwt #proana #thinspo #bodycheck #meanspo"
106,ria,"RT @R_NDOM_GRL: If this gets removed Iâ€™m kms 
#thinspo #ed #edtwt #proana #promia https://t.co/7S8sZJIHaK"
107,holly,"RT @asiaraaaaa: New to #edtwt!!

â™¡Intro 
 
â™¡she/her 
â™¡3teen 
â™¡height: 5'1
â™¡I need to be skinnyy! help
â™¡dni if you post fatspos 
#thinspo #eâ€¦"
108,ãƒ©ãƒ³ãƒ€ãƒ ,"If this gets removed Iâ€™m kms 
#thinspo #ed #edtwt #proana #promia https://t.co/7S8sZJIHaK"
109,asiaraa,"New to #edtwt!!

â™¡Intro 
 
â™¡she/her 
â™¡3teen 
â™¡height: 5'1
â™¡I need to be skinnyy! help
â™¡dni if you post fatspos 
#thinspo #edtwt #proana #meansp0 #bonespo https://t.co/AiHMZRT6Et"
110,rottenstarlet,RT @goremachines: somebody buy me these pjssssss #thinspo #thighgap #skinny #proana #meanspo #edtwt #bonespo #ana https://t.co/BPGnGPw6TO
111,rottenstarlet,RT @45kilos2: just made this :)) #edtwt #ana #proana #edtwt #thinspo #meanspo #sweetspo https://t.co/iUUyYyWJjv
112,rottenstarlet,RT @goremachines: i wish i had money to buy clothes #thinspo #thighgap #skinny #proana #meanspo #edtwt #bonespo #ana https://t.co/HOPw5nsiQO
113,Akaashiswife,RT @goremachines: somebody buy me these pjssssss #thinspo #thighgap #skinny #proana #meanspo #edtwt #bonespo #ana https://t.co/BPGnGPw6TO
114,em,RT @minsthinspo: tags: #thinspo #armspo #legso #edtwt #proana #bonespo https://t.co/LtyLJhFcg2
115,Y,RT @goremachines: 2022 resolution: get skinny #thinspo #thighgap #skinny #proana #meanspo #edtwt #bonespo #ana https://t.co/Vm3itx7hzv
116,ğŸª´~sok~ğŸª´,"RT @S4L3M444: hi ! new to edtwt so here

im 14 years old
ive had an ed for most of my life
weight : 87 lbs
gw : 70
thats pretty much it , fâ€¦"
117,chessy,"RT @spookysk1nny: habits of skinny people: a thread â¤ï¸
#edtwt #proana #thinspo #skinnycore https://t.co/GmWFFLb5o3"
118,salem,"hi ! new to edtwt so here

im 14 years old
ive had an ed for most of my life
weight : 87 lbs
gw : 70
thats pretty much it , follow for moot

#edtwt #proana"
119,Ana Winter,Anorexics were fat but does collarbones #proana
120,pickle whore,RT @minsthinspo: tags: #thinspo #armspo #legso #edtwt #proana #bonespo https://t.co/LtyLJhFcg2
121,ThuspaÂ¥,RT @goremachines: 2022 resolution: get skinny #thinspo #thighgap #skinny #proana #meanspo #edtwt #bonespo #ana https://t.co/Vm3itx7hzv
122,Aliyah | shtwt | edtwt,"Getting closer to 4 days :)
#edtwt #proana #thinspo #ana #eatingdisorder https://t.co/Y9cbTlvAt7"
123,ğŸŒ¸katriahğŸŒ¸,"I haven't logged in to this account in so long. I haven't felt guilty about food in months, I'm pregnant with a little girl, I moved in with my boyfriend, I'm eating sushi tonight. I'm good.

I just wanted to say I'm good. It's getting better. #edtwt #proana #anatwt"
124,123,"RT @hungrydonteat: Current obsession thinspo pics (a small thread) &lt;3 
#thinspo #edtwt #proana #proanatwt #proed #miatwt #fatspo"
125,liz,i wish i had money to buy clothes #thinspo #thighgap #skinny #proana #meanspo #edtwt #bonespo #ana https://t.co/HOPw5nsiQO
126,RonnieğŸ’€,"Do u think i lose 10-15 ish l1bs in 12 days????
#edtwt
#proanatwt
#proana
(Not pro just tags)"
127,socks ğŸ•¸ğŸ•·,RT @goremachines: seeing cool people while your dressed like a homeless person sucks ğŸ˜«ğŸ˜« #thinspo #thighgap #skinny #proana #meanspo #edtwtâ€¦
128,socks ğŸ•¸ğŸ•·,RT @r4v3nsth1nsp0: NOT MY PICS} but huge thinspo 4 me #proana #probulimia #thinspo #deathspo #aesthetic #skinny #bonespo #anorexia #bulimiaâ€¦
129,socks ğŸ•¸ğŸ•·,"RT @1IM4YI1: short #malespo thread â˜ï¸â™¥ï¸
-&gt; tags : #edtwt #proana #thinspo #thinsp0 #ricecaketwt ğŸ¦‹ retweet please :) https://t.co/XCjfZ7ZtPy"
130,wannab skinny,First 24 hr fast wasnt so hard but my fam brought home so many snacks that I love which is hard #proana #ricecakewtw #thintwt #edtwt #anatwt https://t.co/dse0oMnbuo
131,Â°mikvÂ°/EDTWT/,RT @goremachines: somebody buy me these pjssssss #thinspo #thighgap #skinny #proana #meanspo #edtwt #bonespo #ana https://t.co/BPGnGPw6TO
132,ğŸ’,"RT @blue10431614: #mascspo thread for my non binaries/tomboys/guys or just masc cuties in generall ğŸ¤ğŸ¤ğŸ¤

#malespo #ed #edtwt #proana #sweetsâ€¦"
133,eli,RT @minsthinspo: tags: #thinspo #armspo #legso #edtwt #proana #bonespo https://t.co/LtyLJhFcg2
134,âœğ”¹ğ•¦ğ•Ÿğ•Ÿğ•ªğŸ§¸,"#mascspo thread for my non binaries/tomboys/guys or just masc cuties in generall ğŸ¤ğŸ¤ğŸ¤

#malespo #ed #edtwt #proana #sweetspo #thinspo #meanspo #avaragespo #bonespo https://t.co/XpDd0hhSPP"
135,Luzu | edtwt,RT @rotfromwithin: ugh thinspo #edtwt #ed #thinspo #ana #diet #proana https://t.co/FRTSx7e67v
136,Y,RT @goremachines: seeing cool people while your dressed like a homeless person sucks ğŸ˜«ğŸ˜« #thinspo #thighgap #skinny #proana #meanspo #edtwtâ€¦
137,eliza,RT @goremachines: 2022 resolution: get skinny #thinspo #thighgap #skinny #proana #meanspo #edtwt #bonespo #ana https://t.co/Vm3itx7hzv
138,calorina,RT @minsthinspo: tags: #thinspo #armspo #legso #edtwt #proana #bonespo https://t.co/V01HrNKMSN
139,J,RT @45kilos2: new year new motivation to starve (*ï¼¾3ï¼¾)/ï½&lt;3 #edtwt #ana #proana #thinspo
140,J,"RT @Pew43802366: Even filters can't hide face fat! No snacks or heavy sugar today unless you want to look like an inflated balloonğŸ¥°

#ed #mâ€¦"
141,W.,RT @minsthinspo: tags: #thinspo #armspo #legso #edtwt #proana #bonespo https://t.co/V01HrNKMSN
142,isabelle â˜† edtwt,just made this :)) #edtwt #ana #proana #edtwt #thinspo #meanspo #sweetspo https://t.co/iUUyYyWJjv
143,isabelle â˜† edtwt,new year new motivation to starve (*ï¼¾3ï¼¾)/ï½&lt;3 #edtwt #ana #proana #thinspo
144,ğŸªğŸğŸš¬marsğŸ´ğŸªğŸ¥¥,"EDTWT!!! if u see this like or just interact to remind me to drink it, i just filled it up and wanna drink it all before the end of the day lol #edtwt #proana https://t.co/96xPLo0P6u"
145,Mika,"RT @z0mbieh3llok1t1: Eating disorder group chat rt to be added 
#proana #meanspo #thinspo #fatspo #anabuddy #proanabuddy #edtwt https://t.câ€¦"
146,â€ ğ”£ğ”¯ğ”¢ğ”¶ğ”â€ ,RT @bonestwhore: my mantra for everğŸ’‹ğŸ’‹  #meanspo #proana #proanacoach #promia #thispo #fatspo #edtw https://t.co/RCzT8JsOD0
147,Ana Winter,Hunger is heaven but ugh hiding food #proana
148,mishi,RT @minsthinspo: tags: #thinspo #armspo #legso #edtwt #proana #bonespo https://t.co/LtyLJhFcg2
149,Ù‹,tags: #thinspo #armspo #legso #edtwt #proana #bonespo https://t.co/LtyLJhFcg2
150,Max,"RT @frogkcalz: my fav low cal snacks/foods; a thread
#proana #edtwt #lowcalsnacks #edrecovery #thinspo #edtwtthread #proanatips #anamia httâ€¦"
151,Couldbeskinnier,"Starting a week fast if you eat it can only be 500 cal an below for that day.
Letâ€™s get this body babes  #edtwtdiet #edtwtr #proana #eatingdisorder https://t.co/KWFMi0zvr5"
152,toby,"I want to accomplish my goal weight, I've been on ED insta for a while but seems like it's not enough and i think that having more social media to add pressure will be better.

Current BMI is 23.4 but start BMI was 32, so it could be way worse :"")

#edtwt #proana #skinnylegend"
153,Ğ¼ÑĞ½Ğ´Ğ¸,RT @minsthinspo: tags: #thinspo #armspo #legso #edtwt #proana #bonespo https://t.co/0594G6SzWk
154,Peaches ğŸ‘,"RT @Calories_whore: ğŸŒ¸SweetspoğŸŒ¸
Hey my darlings, remember that if you you will reach your goal weight if you try hard enough! You have so muâ€¦"
155,wannab skinny,Guys I burnt 1040 cals at the gym today!! #thintwt #ricecaketwt #proana #ana #anatwt #thinspo #fatspo
156,Pew,"Even filters can't hide face fat! No snacks or heavy sugar today unless you want to look like an inflated balloonğŸ¥°

#ed #meanspo #edtwtdiet #edtwi
#proana https://t.co/Vki0IZhpSq"
157,kaii the emo ass,"RT @bunnicak3: male thinspo thread

[tags for reach] #anatwt #proana #thinspo #thinsp0 #malethinspo #thinspothread #EDtwt https://t.co/Z80iâ€¦"
158,Naturallytramp,"RT @loukcal: Bonespo thread !!

#thinspo #bonespo #proana #proanatwt #edtwt #edtwtthread #deathspo https://t.co/7llfpnTrO0"
159,Naturallytramp,RT @minsthinspo: tags: #thinspo #armspo #legso #edtwt #proana #bonespo https://t.co/V01HrNKMSN
160,user12345,"RT @want_the_skinni: Are you even trying, pig? You can't stick to any diet, any restriction, any exercise plan. Is that sugary / fatty foodâ€¦"
161,Yoshiko/ Yohane,Lmao bitch screaming because I threw out food ğŸ¤ª calling me crazy #edtwt #proana https://t.co/8V25xfpx77
162,samtwtpo,RT @sunbutterflyyy: i donâ€™t mind my body lately #edtwt #proana https://t.co/zDIJZsXS9A
163,samtwtpo,RT @goremachines: 2022 resolution: get skinny #thinspo #thighgap #skinny #proana #meanspo #edtwt #bonespo #ana https://t.co/Vm3itx7hzv
164,samtwtpo,RT @minsthinspo: tags: #thinspo #armspo #legso #edtwt #proana #bonespo https://t.co/2h48jFHw0q
165,samtwtpo,RT @minsthinspo: tags: #thinspo #armspo #legso #edtwt #proana #bonespo https://t.co/gHwnnI72LE
166,samtwtpo,RT @minsthinspo: tags: #thinspo #armspo #legso #edtwt #proana #bonespo https://t.co/KY0luGWbOj
167,samtwtpo,RT @minsthinspo: tags: #thinspo #armspo #legso #edtwt #proana #bonespo https://t.co/GnYE6kkrGe
168,samtwtpo,RT @minsthinspo: tags: #thinspo #armspo #legso #edtwt #proana #bonespo https://t.co/kwEiH8iyZs
169,samtwtpo,RT @minsthinspo: tags: #thinspo #armspo #legso #edtwt #proana #bonespo https://t.co/SHWqkYjlSi
170,samtwtpo,RT @minsthinspo: tags: #thinspo #armspo #legso #edtwt #proana #bonespo https://t.co/d1e5dyIIY0
171,samtwtpo,RT @minsthinspo: tags: #thinspo #armspo #legso #edtwt #proana #bonespo https://t.co/v2GHC0zOVa
172,samtwtpo,RT @minsthinspo: tags: before and after  #thinspo #armspo #legso #edtwt #proana #bonespo https://t.co/CEmXNQ4wJA
173,nic,i like this pic of myself :3 #thinspo #thinspothread #sweetspo #edtwitter #edtwt #bonespo #bonesp0 #proana #proanatwt #ana #bulimia #mia https://t.co/fOrUatLdf2
174,samtwtpo,RT @minsthinspo: tags: #thinspo #armspo #legso #edtwt #proana #bonespo https://t.co/kTwamNMGBB
175,samtwtpo,RT @minsthinspo: tags: #thinspo #armspo #legso #edtwt #proana #bonespo https://t.co/mJ4VFXl9Kz
176,samtwtpo,RT @minsthinspo: tags: #thinspo #armspo #legso #edtwt #proana #bonespo https://t.co/V01HrNKMSN
177,samtwtpo,RT @minsthinspo: tags: #thinspo #armspo #legso #edtwt #proana https://t.co/J3gcWIsa0w
178,samtwtpo,RT @minsthinspo: tags: #thinspo #armspo #legso #edtwt #proana https://t.co/zkMfPTDRZ2
179,samtwtpo,"RT @leafcals: tw bodycheck (old)
#thinspo #proana #notprojustforreach #anorexia #bulimia #ana #edtwt #eatingdisorder

i miss :((( https://tâ€¦"
180,samtwtpo,RT @minsthinspo: tags: #thinspo #armspo #legso #edtwt #proana #bonespo https://t.co/0594G6SzWk
181,Spencer,"Been fasting for 20.5 hours and going strong. âœŒï¸

#ed #proana #edtwt"
182,sam,RT @minsthinspo: tags: #thinspo #armspo #legso #edtwt #proana #bonespo https://t.co/0594G6SzWk
183,sam,"RT @leafcals: tw bodycheck (old)
#thinspo #proana #notprojustforreach #anorexia #bulimia #ana #edtwt #eatingdisorder

i miss :((( https://tâ€¦"
184,sam,RT @minsthinspo: tags: #thinspo #armspo #legso #edtwt #proana https://t.co/zkMfPTDRZ2
185,âœğ”¹ğ•¦ğ•Ÿğ•Ÿğ•ªğŸ§¸,"I haven't binged since new year and I haven't lost my motivation to keep restricting, very proudğŸ¤ how is #edtwt doing three days into the new year?ğŸ¤ğŸ§¸

#ed #proana #thinspo #sweetspo #meanspo #bonespo https://t.co/fvDEqPGFCD"
186,emily,"RT @OmegaBabyBun: I'm making a #proana gc for only meanspo where we're all harsh to each other, no sympathy retweet or comment if you wantâ€¦"
187,ğ”ªğ”¢ğ”© ğŸ–¤,literally someone help me iâ€™m disgusting #edtwt #proana
188,jabbbsjakab,"RT @_Persevira_: Some proana tips:
Skip breakfast drink coffee or tea instead.
Drink a gallon of water everyday.
Eat once a day or, Set a câ€¦"
189,jabbbsjakab,"RT @ProAnaThinblog: ""An apple a day keeps the dÌ¶oÌ¶cÌ¶tÌ¶oÌ¶rÌ¶ fat away"" (just only eat the apple)

[PRO ANA TIPS TREAD WITH THINSPO]

#thinspoâ€¦"
190,wannab skinny,Guys my dad brought home cheetos and I ate like half the bag ğŸ˜­imma go to the gym #edtwt #anatwt #ana #proana #thinspo
191,jabbbsjakab,RT @ariaedwardss: MY BEST TIPS #proana #anorexia #anorexianervosa #promia #bulemia #proanatips #promiatips #thinspo #thinspiration #fastingâ€¦
192,The Slimming Academy,"RT @charasedtwt: â™¡Random diets i have saved on my phone
-
-
#proana #diets #diet #anadiet #weightloss #proed #edtips #ana #ed https://t.co/â€¦"
193,L~ edtwt//shtwt,"What if i just fast until i cant no more. Then fast 2xs a week for the rest of the year 
#edtwt #anatwt #proana #proanatwt #ricecaketwt"
194,#2023,RT @hungrydonteat: ğŸ·for reach: #thinspo #proana #edtwt #proanatwt #fatspo #skinny #ana #promia #ednos
195,charaâ™€ï¸,"â™¡Random diets i have saved on my phone
-
-
#proana #diets #diet #anadiet #weightloss #proed #edtips #ana #ed https://t.co/IgJwKbsKlN"
196,Tephs lialoveu,RT @strwbryshrtc4k3: itâ€™ll all b worth it when iâ€™m able to bend down like this without my skin folding. #weightloss #edtwt #body #skinny #pâ€¦
197,à³ƒâ€â· xen | edtwtâ‹†.à³ƒà¿”*:ï½¥,RT @goremachines: this belt is so cool #thinspo #thighgap #skinny #proana #meanspo #edtwt #bonespo #ana https://t.co/TxLAbDINAK
198,twiggy//edtwt,"RT @relixeaa: a thinspo thread â‹†Ëšï½¡â‹†à­¨à­§Ëš

à¼º â†» or â™¡ à¼»

reach: #ED #edtwt #thinspo #thinsp0 #bonesp0 #thighsp0 #meansp0 #sweetsp0 #proana #twedâ€¦"
199,ğŸ–¤HadesğŸ–¤,"RT @1IM4YI1: short #malespo thread â˜ï¸â™¥ï¸
-&gt; tags : #edtwt #proana #thinspo #thinsp0 #ricecaketwt ğŸ¦‹ retweet please :) https://t.co/XCjfZ7ZtPy"
200,L,RT @goremachines: we love to see some men thinspo #thinspo #thighgap #skinny #proana #meanspo #edtwt #bonespo #ana https://t.co/hcvKPV96GU
201,Vi,"Bored waiting for a package. What are some of your excuses to your family for not eating? I'm running out. Ëšâ€§ÂºÂ·(Ëš ËƒÌ£Ì£Ì¥âŒ“Ë‚Ì£Ì£Ì¥ )â€§ÂºÂ·Ëš

#edtwt #edtwitter #thinspo #bonespo #skinny #proana https://t.co/w6NUEEI0Wm"
202,heroin chic,ugh thinspo #edtwt #ed #thinspo #ana #diet #proana https://t.co/FRTSx7e67v
203,anathin,"RT @LOATHINGENVY: TW//ana
-
-
-
-
-
-
- 

I really need a very toxic coach. Please help me with this because I'm losing control. Please dm.â€¦"
204,Roxy,RT @Kirbyiscool4: Bruh when ever I eat normally I feel so fat #anatwt #edtwt #fatspo #proana #ricecaketwt #twed
205,ãƒ©ãƒ³ãƒ€ãƒ ,"Go fuck yourself 
#proana https://t.co/KkBhHoo28B"
206,sick pupâ™¡,RT @goremachines: somebody buy me these pjssssss #thinspo #thighgap #skinny #proana #meanspo #edtwt #bonespo #ana https://t.co/BPGnGPw6TO
207,core.sart,Anyways everyone go cancel this bitch for being pro AnağŸ˜»ğŸ˜»ğŸ˜» #proana  #ed https://t.co/Z1Fn26yxI8
208,spencer â€¢ edtwt ğŸ§¸,"deciding to do a thread to track the calories iâ€™ve consumed this week following last weeks binge days :/

#edtwt #proana #fasting #meanspo"
209,PRO MIA/ PRO ANA,iâ€™m going to try and eat 2 egg whites a day and 1 celery stick with water or diet coke for 2 weeks and purge everytime i eat and burn the cals!!   #proana #bulmia #purginged #eatingdisorder #anamia
210,lavender,"RT @skinnih0e: ğŸ¯ #thinspo ğŸ¯
how do some girls manage to be skinny AND have boobs?
excuse me, bcos i lost weight i lost my butt &amp; boobs, itâ€¦"
211,bug,RT @goremachines: how was your christmas? (if you celebrate it) #thinspo #thighgap #skinny #proana #meanspo #edtwt #bonespo #ana https://t.â€¦
212,spencer â€¢ edtwt ğŸ§¸,"hi, iâ€™m spencer. i use he/they pronouns.
not really new to edtwt bc iâ€™ve been stalking on my main.

probs just going to be posting thinspo, n what I eat in a day threads to keep track, so yeah.

âœŒï¸

#edtwt #proana #omad #thinspo #meanspo #sweetspo"
213,JaqStruggles,What can I eat at lunch (in school) that will be enough to make it look like I don't have an ed but not enough to add on too much? I was thinking of maybe a no crust egg sandwich type deal? And maybe a gum and some water? #proana #edtwtdiet
214,Ppoooop,"RT @pokicals: heâ€™s doing gods work ğŸ˜©ğŸ˜©
#EDtwt #ed #bonespo #lowcal #restricting #diet #thinsp0 #thinspothread #proana #ana #meanspo #sweetspâ€¦"
215,Rey,Th1nsp0 #proana #thinspo #th1nsp0 https://t.co/Apq89iCNa4
216,Amanda Yasir,RT @thinspo_tips: anyone want to be in a proana gc where we are all toxic to each other about their high weight and how much they eat. likeâ€¦
217,Â°Â·ğ­ğšğ²ğ¥ğ¨ğ«Â·Â°,RT @goremachines: this belt is so cool #thinspo #thighgap #skinny #proana #meanspo #edtwt #bonespo #ana https://t.co/TxLAbDINAK
218,bğŸª,RT @goremachines: somebody buy me these pjssssss #thinspo #thighgap #skinny #proana #meanspo #edtwt #bonespo #ana https://t.co/BPGnGPw6TO
219,nyx // edtwt,"RT @blue10431614: What I do instead of eating ğŸ¤

â€¢watch movies
â€¢take walks, trying to get 10 000 steps a day ğŸ¤
â€¢watch youtube
â€¢draw or painâ€¦"
220,kimtaetaebear,"RT @SKlNNYDlOR: tips for fasting â€” an important thread! (plus 20 things to do while fasting)

#edtwt #proana ğŸ•Šâœ¨ https://t.co/aEFxKUAGwP"
221,à¼ºğ–¤Batğ–¤à¼»,RT @goremachines: somebody buy me these pjssssss #thinspo #thighgap #skinny #proana #meanspo #edtwt #bonespo #ana https://t.co/BPGnGPw6TO
222,à¼ºğ–¤Batğ–¤à¼»,RT @r4v3nsth1nsp0: NOT MY PICS} but huge thinspo 4 me #proana #probulimia #thinspo #deathspo #aesthetic #skinny #bonespo #anorexia #bulimiaâ€¦
223,CherryğŸ’ğŸ¦‚,RT @goremachines: this belt is so cool #thinspo #thighgap #skinny #proana #meanspo #edtwt #bonespo #ana https://t.co/TxLAbDINAK
224,Lilli,RT @c0urtneyl0v: want this? stop eating then lol  #edtwt #proana https://t.co/m32O3Cp3VG
225,ï½¥ï¾Ÿ ğŸ€ ğ¸ğ“‚ğ‘’ ğŸ€ ï¾Ÿï½¥,RT @goremachines: this belt is so cool #thinspo #thighgap #skinny #proana #meanspo #edtwt #bonespo #ana https://t.co/TxLAbDINAK
226,fleur Â°Ë–â˜†à¼»âŠ¹â˜…,RT @goremachines: this belt is so cool #thinspo #thighgap #skinny #proana #meanspo #edtwt #bonespo #ana https://t.co/TxLAbDINAK
227,fifi ğŸ’‹ğŸ©°,"RT @HooverMaxxy: Something that fat people need to know is, the body positive movement isnt about being fat, its about thing you cant contrâ€¦"
228,mia ğŸ€,"RT @Lust4LifeGF: the things iâ€™d do to have this body

//#edtwt #proana #thinspo https://t.co/gSOMbnzNHS"
229,â˜†lunaâ™ªâ™¡ (fasting erağŸ«€),RT @goremachines: this belt is so cool #thinspo #thighgap #skinny #proana #meanspo #edtwt #bonespo #ana https://t.co/TxLAbDINAK
230,sofÃ­a klaus,"besties, i am officially 1 pound away from being 100ğŸ˜­ iâ€™m gonna sob of happiness #edtwt #bonespo #thinspo #fatspo #proana"
231,ğŸŒ™,"RT @SKlNNYDlOR: tips for fasting â€” an important thread! (plus 20 things to do while fasting)

#edtwt #proana ğŸ•Šâœ¨ https://t.co/aEFxKUAGwP"
232,mariposaskins,"RT @pradask1nny: The progress thoâ€¦pics r 2 months apart ğŸ˜®
#skinny #EDtwt #proana https://t.co/Xdu0UDIDmB"
233,weightlossjournal,"RT @anxiousblue666: Low cal snacks with portions and cal
#proana #proanatwt #edtwt #proedtwt #anorexia #anatips #lowcalsnacks #diet #tw ğŸ«ğŸ¥¬ğŸ¥â€¦"
234,-Ê•â€¢Ì«Í¡â€¢Ê•â€¢Ì«Í¡â€¢Ê”â€¢Ì«Í¡â€¢Ê”â€¢Ì«Í¡â€¢Ê•â€¢Ì«Í¡â€¢Ê”â€¢Ì«Í¡â€¢Ê•â€¢Ì«Í¡â€¢Ê•â€¢Ì«Í¡â€¢Ê”_,"RT @____sanaa____: Sora choi, ugh such an INSPIRATION ğŸ‘ğŸ‘ğŸ‘ 

For reach: #edtwt #proana #thinspo #thinspiration #sweetspo #meanspo #legspo htâ€¦"
235,rozğŸ’€ğŸ‘ ğŸ“ğŸ¥¤âœ¨ğŸ¤Ÿ,Xmas gum haul #proana #edtwt #mentos #extra #ana #backtoschool https://t.co/VnePvgtyup
236,SOS,RT @minsthinspo: tags: #thinspo #armspo #legso #edtwt #proana https://t.co/tOYhWDy2ZB
237,Peaxh3s,"EXTRA: 
Thereâ€™s more to it but those are the basics for my body i know many would point out other issues but for pt1 thatâ€™s all âœ¨ğŸ˜¤ğŸ¥¢ 
MANIFESTING GOALS FOR 2022

MANIFESTING GOALS FOR 2022

MANIFESTING GOALS FOR 2022

#edtwt #proana #sweetspo #thinspo #meanspo #promia #shtwt"
238,Trigger Happy Asshole,"Trainers be like ""losing half a pound in a week is still -26 pounds in a year! keep going!"" bitch i want to lose 50 lbs in 20 days what is it that you don't understand lmao  #proana #pr0Ana"
239,casperğŸŒ‚ 7/31 liquid fast â˜†,"RT @fragilefangs: giant male thinspo thread (frequently updated)

I'll try to group together similar themes and add additional TWs when neeâ€¦"
240,em,RT @minsthinspo: tags: #thinspo #armspo #legso #edtwt #proana #bonespo https://t.co/V01HrNKMSN
241,Blair,RT @Kirbyiscool4: Bruh when ever I eat normally I feel so fat #anatwt #edtwt #fatspo #proana #ricecaketwt #twed
242,bitchly,RT @goremachines: seeing cool people while your dressed like a homeless person sucks ğŸ˜«ğŸ˜« #thinspo #thighgap #skinny #proana #meanspo #edtwtâ€¦
243,relapsingtobeskinny,RT @minsthinspo: tags: #thinspo #armspo #legso #edtwt #proana #bonespo https://t.co/fOWuxfqd4i
244,skinny_islife420,RT @CannibalSpiders: ğŸ¥± please #proana #promia #edcoach #anacoach https://t.co/8QlrW8hPP7
245,sage ğŸª´,ğŸ·for reach: #thinspo #proana #edtwt #proanatwt #fatspo #skinny #ana #promia #ednos
246,sage ğŸª´,"Current obsession thinspo pics (a small thread) &lt;3 
#thinspo #edtwt #proana #proanatwt #proed #miatwt #fatspo"
247,coco,i donâ€™t mind my body lately #edtwt #proana https://t.co/zDIJZsXS9A
248,Dave/Lucretia,RT @goremachines: this belt is so cool #thinspo #thighgap #skinny #proana #meanspo #edtwt #bonespo #ana https://t.co/TxLAbDINAK
249,Glumiet,RT @minsthinspo: tags: #thinspo #armspo #legso #edtwt #proana #bonespo https://t.co/0594G6SzWk
250,using for after dark,RT @CannibalSpiders: ğŸ¥± please #proana #promia #edcoach #anacoach https://t.co/8QlrW8hPP7
251,Ana Winter,Kate Moss is NOT huge because   guilty #proana
252,using for after dark,RT @minsthinspo: tags: #thinspo #armspo #legso #edtwt #proana #bonespo https://t.co/V01HrNKMSN
253,using for after dark,"RT @Lust4LifeGF: the things iâ€™d do to have this body

//#edtwt #proana #thinspo https://t.co/gSOMbnzNHS"
254,ğšœğš”ğš¢ğš,RT @goremachines: 2022 resolution: get skinny #thinspo #thighgap #skinny #proana #meanspo #edtwt #bonespo #ana https://t.co/Vm3itx7hzv
255,liz,2022 resolution: get skinny #thinspo #thighgap #skinny #proana #meanspo #edtwt #bonespo #ana https://t.co/Vm3itx7hzv
256,â£ nene âœ¯,"RT @mecomo4mi: *à©ˆâœ©â€§â‚ŠËš old cliche proana tumblr quotes â‹†.à³ƒà¿”*:ï½¥

[reach: #edtwt #EDtwt #anorexiatwt #edtwtthread #edtwtdiet #proanatwt #proanâ€¦"
257,P (They/Them) edtwt,RT @r4v3nsth1nsp0: NOT MY PICS} but huge thinspo 4 me #proana #probulimia #thinspo #deathspo #aesthetic #skinny #bonespo #anorexia #bulimiaâ€¦
258,fatphobe,RT @E234Ro: Yes maâ€™am! #proana #proanorexia #ed #anamia https://t.co/NnbQLYlPS3
259,fatphobe,"RT @SkinnyDreams29: Not enough ethnic or â€œcoloredâ€ #thinspo around, and these are so beautiful ğŸ˜

#thinspiration #proana #proanamia #promiaâ€¦"
260,Jade Bloom ğŸ’–,Iâ€™m not skinnyâ€¦â€¦.. yet but hey new year new possibilities #edtw #proana #looseweight #edtips https://t.co/gbSe3FHQDA
261,wannab skinny,Bruh when ever I eat normally I feel so fat #anatwt #edtwt #fatspo #proana #ricecaketwt #twed
262,ğ™ğ™šğ™£ğ™©ğ™–ğ™ ğ™¥ğ™§ğ™ğ™£ğ™˜ğ™šğ™¨ğ™¨,RT @goremachines: how was your christmas? (if you celebrate it) #thinspo #thighgap #skinny #proana #meanspo #edtwt #bonespo #ana https://t.â€¦
263,hungry rose,ğŸ·â€™s for reach not pro #proana pr04na thinspo #meanspo sweetspo #fatphobia #fatphobic edtwt #blkedtwt ednos anorexic #bulimia skinny #thinspo
264,em,omg guys i lost 15kg just in january??? this is so easy i'm so happy ğŸ•¯ #edtwt #proana
265,em,i belive in mynetdiary supremacy #proana #edtwt #proanatwt
266,Ù‹,tags: #thinspo #armspo #legso #edtwt #proana #bonespo https://t.co/V01HrNKMSN
267,reychel . . . 0/7,"RT @AR1SP0: bible meanspo 

â€”â€”â€”â€”
tags for reach: #edtwt #proana #pr0ana #meanspo #meansp0 #fatspo #thinspo"
268,lovelybones,Taking time to myself because I deserve it for working so hard this year #edtwt #proana
269,Ollie,RT @minsthinspo: tags: #thinspo #armspo #legso #edtwt #proana https://t.co/zkMfPTDRZ2
270,bi ğŸŒ˜,"RT @iwonabeskinny: âœ¨t h i n s p oâœ¨  
#pro #proana #thinspo #bonespo #ribspo #legspo #hipspo #mia https://t.co/Hs9Q0FJZFo"
271,bi ğŸŒ˜,"RT @SKlNNYDlOR: tips for fasting â€” an important thread! (plus 20 things to do while fasting)

#edtwt #proana ğŸ•Šâœ¨ https://t.co/aEFxKUAGwP"
272,laura,RT @iwonabeskinny: hereâ€™s a thigh gap workout for all my guys and girls who have some thic legs #proana #proanaworkout https://t.co/8YqTrfNâ€¦
273,laura,"RT @SKlNNYDlOR: tips for fasting â€” an important thread! (plus 20 things to do while fasting)

#edtwt #proana ğŸ•Šâœ¨ https://t.co/aEFxKUAGwP"
274,laura,"RT @iwonabeskinny: âœ¨t h i n s p oâœ¨  
#pro #proana #thinspo #bonespo #ribspo #legspo #hipspo #mia https://t.co/Hs9Q0FJZFo"
275,misa,happy new year ğŸ’ cheers to being skinny and envied *clink* ğŸ¥‚ #edtwt #proana
276,ï½¡ï¾Ÿ(ï¾ŸÂ´Ğ”ï½€ï¾Ÿ)ï¾Ÿï½¡,"RT @hatinglifekgs: my favourite low cal snacks - a thread âœ¨

(iâ€™ll update this later) 
#proana #proanatwt #edtwt #3dtwt #promia #ed #lowcalâ€¦"
277,cocaine,"RT @sickjunkie: ill never be good enough
#edtwt #thinspo #proana https://t.co/sBCueAk8VT"
278,Ashley Benadict,"RT @iwant2bskiny0: RT to be in a LGBTQA+ pro Ana group chat ğŸ³ï¸â€ğŸŒˆğŸ’• 

#thinspo #thinspiration #edtwitter #proana #thinsp0 #edtwt #proanatwt hâ€¦"
279,Julius.seizure,RT @goremachines: somebody buy me these pjssssss #thinspo #thighgap #skinny #proana #meanspo #edtwt #bonespo #ana https://t.co/BPGnGPw6TO
280,Ana Winter,People isn't water but i just hiding food #proana
281,Eri,RT @sushi_cals: Not being able to control yourself around food is so unattractive and unflattering. Every time you go to the fridge and havâ€¦
282,Eri,RT @girlthorexia: my favorite diet. you could lose up to 20 pounds in a week &lt;3 (exercise for best results) #ed #proana #thinspo https://t.â€¦
283,Eri,RT @shaggy9292: Yâ€™all I did this diet and JSJSJDJFJF I lost 16 pound in 2 weeks Iâ€™m happy with the results but Ik I could do better #Edtwtâ€¦
284,Aliyah | shtwt | edtwt,"TW:ED 
Iâ€™ve been doing so bad restricting myself the past two days but Iâ€™m going to start eating one â€œmealâ€ every three or four days now. #edtwt #proana #thinspo #ana #eatingdisorder"
285,Tiny,"RT @slut4bagelss: handspo

TW! tags for reach ğŸ¤
#proana #pr0ana #promia #pr0mia #proanatwt #thinspo #meanspo #sweetspo #edtwt #ana #pocthinâ€¦"
286,starving for dr.choi,"RT @mecomo4mi: *à©ˆâœ©â€§â‚ŠËš old cliche proana tumblr quotes â‹†.à³ƒà¿”*:ï½¥

[reach: #edtwt #EDtwt #anorexiatwt #edtwtthread #edtwtdiet #proanatwt #proanâ€¦"
287,Nonyah,RT @goremachines: this belt is so cool #thinspo #thighgap #skinny #proana #meanspo #edtwt #bonespo #ana https://t.co/TxLAbDINAK
288,Ana Winter,My throat are fat   i just the ABC diet #proana
289,Brianna Burke,"RT @bonestwhore: HEY, do you really wanna look like that???????? itâ€™s so f*cking embarrassing  #proana #proanatwt #proanacoach #promia #meaâ€¦"
290,wannab skinny,ï½¡*ï¾Ÿâœ²*â˜† Manifesting for everyone to reach their gw and sustain it in 2022(à¹‘Ã²á†ºÃ³à¹‘)ï½¡*ï¾Ÿâœ²*â˜†#twed #proana #ricecaketwt #edtwt
291,à¦“,RT @N0_ca1z: literally #edtwt #proana https://t.co/QQ2WJdIy1N
292,n,"RT @neglectyou: however fat you think you are, remember thereâ€™s always a bitch fatter than you.
-
-
-
-
-
-
#sweetspo #edtwt #proana https:â€¦"
293,n,"RT @neglectyou: hereâ€™s some of my fave thinspo lol
-
-
-
-
-
-
ğŸ·: #thinspo #th1nspo #ana #proana #proanatwt #edtwt https://t.co/91qklfr9t1"
294,ren âœ,"RT @J0HNNYSWHORE: How I fast with strict bengali parents â€” ğŸ«

#edtwt #edtwtthread #proana #proanatwt #thinsp0 https://t.co/wPXDx1Ex0W"
295,felix,"RT @mecomo4mi: *à©ˆâœ©â€§â‚ŠËš old cliche proana tumblr quotes â‹†.à³ƒà¿”*:ï½¥

[reach: #edtwt #EDtwt #anorexiatwt #edtwtthread #edtwtdiet #proanatwt #proanâ€¦"
296,La Fea Q Era Linda,RT @minsthinspo: tags: #thinspo #armspo #legso #edtwt #proana #bonespo https://t.co/fOWuxfqd4i
297,beatrix,"RT @theosloveforher: tips !! â€”from ur beloved theo &lt;3 
&lt;a messy thread bc idk wtf iâ€™m doing ^^&gt; 
#proana #promia #anatips #edtwt 
tw: if uâ€¦"
298,Gwen,"RT @skinn1y: strict ED groupchat 
#edtwt #proana #meanspo #sweetspo #thinspo https://t.co/6aPbrQcLgb"
299,spiders,ğŸ¥± please #proana #promia #edcoach #anacoach https://t.co/8QlrW8hPP7
300,Yoshiko/ Yohane,Last meal tonight  Iâ€™m going on two week fast to start out the new year who wanna help me keep to it #Edtwt #proana #anacoach
301,âœğ”¹ğ•¦ğ•Ÿğ•Ÿğ•ªğŸ§¸,"What I do instead of eating part 2ğŸ¤

â€¢play scary games
â€¢listen to scary stories while cleaning (very relaxing?)
â€¢cuddle my bf
â€¢decorate my room
â€¢bring up toys from my childhood (nostalgia ğŸ¤)
â€¢practise lucid dreaming 
â€¢doing fun photoshoots

#edtwt #ed #proana #thinspo https://t.co/s2h0XreByL"
302,whore ğŸ¤ª,"I recently overdosed on paracetamol and had acute food poisoning :/ But I'm home and I'm fine &lt;3
But the weight showed 49 kg today ğŸ¥°
I'm happy ğŸ¥°
PS. Happy New Year &lt;3 
#edtwtdiet
#ed #diet #waniliowemleko #proed #proana #codeine"
303,Kira,"RT @AR1SP0: bible meanspo 

â€”â€”â€”â€”
tags for reach: #edtwt #proana #pr0ana #meanspo #meansp0 #fatspo #thinspo"
304,Kira,"RT @blue10431614: What I do instead of eating ğŸ¤

â€¢watch movies
â€¢take walks, trying to get 10 000 steps a day ğŸ¤
â€¢watch youtube
â€¢draw or painâ€¦"
305,âœğ”¹ğ•¦ğ•Ÿğ•Ÿğ•ªğŸ§¸,"What I do instead of eating ğŸ¤

â€¢watch movies
â€¢take walks, trying to get 10 000 steps a day ğŸ¤
â€¢watch youtube
â€¢draw or paint
â€¢thrift shopping! (Fav)
â€¢shop for crystals ğŸªğŸ¤ 

#thinspo #malespo #malethinspo #edtwt #ed #proana #fatspo #grossspo #meanspo #sweetspo"
306,angie !!,RT @goremachines: seeing cool people while your dressed like a homeless person sucks ğŸ˜«ğŸ˜« #thinspo #thighgap #skinny #proana #meanspo #edtwtâ€¦
307,Yoshiko/ Yohane,"Iâ€™m so fucking sorry for getting this big god fucking dam please give me some #meanspo or anything please I canâ€™t keep living this big
#edtwt #proana https://t.co/TwxyqElyYf"
308,Ukiyo,RT @minsthinspo: tags: #thinspo #armspo #legso #edtwt #proana #bonespo https://t.co/pdL448jL6w
309,Ukiyo,"RT @SAYNO2CALS: the things iâ€™d do to have this body

//#edtwt #proana #thinspo https://t.co/gSOMbnzNHS"
310,Ukiyo,"RT @jackkkk671: â™¡ Â·Ëš
TWâ•thinspo ê’±ËËŠ-

Tag; #edtwt #thinspo #proana â• https://t.co/aW9sGCvtTo"
311,Ukiyo,"RT @sickjunkie: obsessed w this fit
#thinspo #edtwt #proana https://t.co/ufOhgepyp1"
312,yaren,"RT @countingcals4vr: some of my fav thinspo â™¡ (short thinspo thread!) 

reach~ thinspo thinspo thread meanspo bonespo

tags~ #EDtwt #edtwtâ€¦"
313,Yoshiko/ Yohane,#edtwt #proana today will be my last binging no binging in 2022 and I will lose weight I WILL BE SKINNY I CAN DO IT PLEASE
314,Yoshiko/ Yohane,So I decided to re make my account because I got binging Ed and really need lose weight because Iâ€™m so over weight and look like fat spo and I needed a new name so my friends wonâ€™t find me anytips #proana #edtwt https://t.co/xRqHpAZR1n
315,â€¢AmanXaâ€¢ğŸ‡©ğŸ‡ªğŸ‡ºğŸ‡¸ğŸ‡¨ğŸ‡³,"RT @skinnylove1200: that feeling of going to bed with an empty stomach &gt;&gt;&gt; 

#ed #edtwt #ricecaketwt #ana #proana #promia #thinspo #fatspoâ€¦"
316,beatrix,RT @N0_ca1z: literally #edtwt #proana https://t.co/QQ2WJdIy1N
317,tearyeyedbambi,"RT @relapsinggemini: I recovered for maybe a year, now going back to the only thing I've ever been good at, starving. Hello ana, thanks forâ€¦"
318,Ren,"RT @lixs_emowife: Thinspo thread of people eating!   ğŸ¥ğŸ°ğŸªğŸ§‹ğŸ¥¡ğŸ©
Like and rts appreciated! 
Tags ~ #meanspo #proana #thinspo #sweetspo #bonespoâ€¦"
319,Welcome,"RT @mizuki_kyaa: :
â€¢
Feeling smallğŸ’âœ¨ğŸ¥º
â€¢
â€¢
â€¢
â€¢
â€¢
â€¢
â€¢
â€¢
â€¢
#edtwt #ed #sweetspo #meanspo #sweetsp0 #meansp0 #thinspo #thinsp0 #proana #thinspoâ€¦"
320,Welcome,"RT @mizuki_kyaa: :
â€¢
Look like a modelğŸ’–âœ¨
â€¢
â€¢
â€¢
â€¢
â€¢
â€¢
â€¢
â€¢
â€¢
#edtwt #ed #sweetspo #meanspo #sweetsp0 #meansp0 #thinspo #thinsp0 #proana #thinâ€¦"
321,Welcome,"RT @mizuki_kyaa: Good morningğŸ’—ğŸ™ƒ
â€¢
How are u today?
â€¢
â€¢
â€¢
â€¢
â€¢
â€¢
#edtwt #ed #sweetspo #meanspo #sweetsp0 #meansp0 #thinspo #thinsp0 #proana #â€¦"
322,Welcome,"RT @mizuki_kyaa: Waiting in the kitchen for my midnight snack to be doneâœ¨
#edtw #eatingdisorder #ed #proana #promia #bodycheck #collorbonesâ€¦"
323,Welcome,"RT @mizuki_kyaa: I am my own legsp0ğŸ’—âœ¨
â€¢
â€¢
â€¢
â€¢
â€¢
â€¢
#edtwt #ed #sweetspo #meanspo #sweetsp0 #meansp0 #thinspo #thinsp0 #proana #thinspo #eatiâ€¦"
324,cherry coco bomb,"RT @HooverMaxxy: Something that fat people need to know is, the body positive movement isnt about being fat, its about thing you cant contrâ€¦"
325,Wird Smith #AltWrite,@CountDankulaTV I'm now #proana (Pro Anarchy)
326,interbearnet,RT @PR0_Anorexia: Me everyday in front of the mirror... #anorexiaprobs #EDproblems #skinnyispretty #thinspiration #proana http://t.co/MdUrVâ€¦
327,not effy stonem,"RT @HUGS4DRUGS12: TW: EDâš ï¸âš ï¸ hereâ€™s a thread of low calorie foods #edtwt #proana #EDtwt 
â€¢
â€¢
â€¢
â€¢ https://t.co/WSbDrfGyHL"
328,seaportwalks,"RT @dollhousethin: thinspo thread â… 
#edtwt #edtwtthread #proana #proanathread #thinspothread #thinspo #meanspo #meanspothread https://t.coâ€¦"
329,seaportwalks,RT @goremachines: i want a belly piercing so bad #thinspo #thighgap #skinny #proana #meanspo #edtwt #bonespo #ana https://t.co/HQSOYd6v0j
330,seaportwalks,RT @goremachines: this belt is so cool #thinspo #thighgap #skinny #proana #meanspo #edtwt #bonespo #ana https://t.co/TxLAbDINAK
331,Water ê¡ ğŸŒ¸ğŸ¦‹,"RT @proanaslut: Black girl thinspo

THREAD 

#ed #proana #promia #othorexia #ana #edtwt  #thinspo #fatspo #meanspo #sweetspo #skinnyblackgiâ€¦"
332,another person,RT @goremachines: this belt is so cool #thinspo #thighgap #skinny #proana #meanspo #edtwt #bonespo #ana https://t.co/TxLAbDINAK
333,liz,somebody buy me these pjssssss #thinspo #thighgap #skinny #proana #meanspo #edtwt #bonespo #ana https://t.co/BPGnGPw6TO
334,con,"RT @SKlNNYDlOR: tips for fasting â€” an important thread! (plus 20 things to do while fasting)

#edtwt #proana ğŸ•Šâœ¨ https://t.co/aEFxKUAGwP"
335,con,"RT @Sorry_Mum: 145 cal pizza or 130 without the veggies
#lowcal #edtwt #proana https://t.co/LDsFbOOnyS"
336,con,RT @violethatesuu: more th1nspo :) #ed #edtwitter #proana #anamia https://t.co/t4f3ECEEg1
337,con,RT @Tzuyu_cals: My diet for the holidays &lt;3 #diet #proana #skinny #thin https://t.co/VXLWHQljrV
338,T H I N sp0,"RT @jiwonspo: a thread of lazy / lying down / workouts you can do in bed w/ fitspo and thinspo â‹† Ëšï½¡â‹†à­¨à­§Ëš

[tagz: edtwt thread #edtwt fitspoâ€¦"
339,T H I N sp0,RT @daintyninaa: WORKOUTS THAT BURN 2000 CALORIES: (thank me laterğŸ˜Œâœ¨) #meanspo #ana #skinny #tw #proana (not pro) #thinspo #edtwt  #abwtbsâ€¦
340,luv Ö´Ö¶Ö¸,"RT @skinnyreverie: January Calorie Trackers - S4nri0 themed!
Retweets appreciated &lt;3

These took me a while to work on but I think they turâ€¦"
341,sam| edtwt,"RT @FuckerKuromi: making a no limits ed gc

- gore/sh of all kinds allowed
- any age allowed
- must be toxic asf
- hard ed twt only
- u canâ€¦"
342,à¨ xux à¨“,RT @minsthinspo: tags: #thinspo #armspo #legso #edtwt #proana https://t.co/zkMfPTDRZ2
343,ro â™¡,RT @minsthinspo: tags: #thinspo #armspo #legso #edtwt #proana https://t.co/zkMfPTDRZ2
344,khairğŸŠ,RT @Skinnybitch444: Going on a forever fast thanks Kendall Jenner #thinspo #fatspo #proana #proanatwt #edtwt #eatingdisordertwitter #kendalâ€¦
345,khairğŸŠ,"RT @SLAGOREXIC: kendall jenner is so thin she actually inspires me

#thinspo #edtwt #proanatwt #proana #eatingdisorder #bonespo #thinsp0 #bâ€¦"
346,khairğŸŠ,"RT @f3ndicals: Kendall Jenner thinspo x
#thinspo #proana #meanspo https://t.co/3vRUyinLCc"
347,fatphobe,"Black girl thinspo

THREAD 

#ed #proana #promia #othorexia #ana #edtwt  #thinspo #fatspo #meanspo #sweetspo #skinnyblackgirls #blackthinspo #edtwtdiet #edtwtthread #deathspo #bonespo"
348,rin,"RT @sieunkgs: rt/reply to be in a kpop trainee gc

- weekly evaluations
- daily check ins 
- no binging âŒ
- 3 month long journey

be traineâ€¦"
349,CA,Ultimate Goals â¤ï¸ #anorexia #ana #proana #edtwt #thinspo https://t.co/Z1fsaL2GI6
350,khairğŸŠ,RT @caffeinatedana: #proana #skins ok but can we talk about the original thinspo queen effy stonem ??? https://t.co/oBhTQi6Phx
351,em,RT @minsthinspo: tags: #thinspo #armspo #legso #edtwt #proana #bonespo https://t.co/0594G6SzWk
352,em,RT @thindollwannabe: she is so skinny â¤ #thinspo #proana #anorexia #edtwt https://t.co/hiLgkliRde
353,ğŸ£ğŸŒŸğŸ«ğŸ“,"January calorie restricting plan:
(beginner/ intermediate level)

#proana #edtwt #edtwtdiet #thinspo #bonespo https://t.co/91CSxrSNRb"
354,cidey cider,RT @Iverlyn55: thinking about her&lt;3 #Ariana #ArianaGrande #edtwt #EdTwitter #edtwtthread #proana #proanatwt #bodycheck #thinspo #thinsp0 htâ€¦
355,Ana Winter,I isn't size zero because ugh bikinis #proana
356,em,RT @minsthinspo: tags: #thinspo #armspo #legso #edtwt #proana #bonespo https://t.co/pdL448jL6w
357,Error404,"#edtwt #proana #thinspo #malesop
That moment when your mum comments on how you lost weight and she's proud and you know that's gonna fuel you to eat even less."
358,ria,"RT @prettywomansz: the things iâ€™d do to have this body

//#edtwt #proana #thinspo https://t.co/gSOMbnzNHS"
359,Angel,"RT @jackkkk671: â™¡ Â·Ëš
TWâ•thinspo ê’±ËËŠ-

Tag; #edtwt #thinspo #proana â• https://t.co/aW9sGCvtTo"
360,fernanda,RT @daintyninaa: WORKOUTS THAT BURN 2000 CALORIES: (thank me laterğŸ˜Œâœ¨) #meanspo #ana #skinny #tw #proana (not pro) #thinspo #edtwt  #abwtbsâ€¦
361,Max,"Thats it for now, i might add more later. 
Tags; #proana #edtwt #thinspo #egospo @promia"
362,Max,"Something that fat people need to know is, the body positive movement isnt about being fat, its about thing you cant control, like disabilities, acne, ect. Not about fat people.
#thinspo #fatspo #proana #grosspo #fitspo"
363,EireneğŸ«,RT @abby_3242: yeah so get your fatass up and go workout! #anatwt #anorexia #anorexic #proana #edtwt #thinsp0 #sweetsp0 #waistspo #ed #thinâ€¦
364,Avery,RT @thinspo_tips: anyone want to be in a proana gc where we are all toxic to each other about their high weight and how much they eat. likeâ€¦
365,fatphobe,"Letâ€™s see how long I can go

#edtwtdiet #edtwtthread #edtwt #ed #proana #promia #orthorexia #skinny #fasting #fastic #ana https://t.co/vnwcXEyz3U"
366,Aliyah | shtwt | edtwt,"My longest fast for now :) 
#edtwt #proana #thinspo #ana #eatingdisorder https://t.co/cfM5sv4RaM"
367,Luna loves life ğŸŒˆ ğŸŒŠ âœ¨,"RT @ididitomceagain: edtwt let's go on a date in the snow!
-thread of polls, rt when you're done-
enjoy! â„ï¸

for reach (i do NOT support eaâ€¦"
368,404bodynotfound,RT @thindollwannabe: she is so skinny â¤ #thinspo #proana #anorexia #edtwt https://t.co/hiLgkliRde
369,404bodynotfound,"RT @sickjunkie: obsessed w this fit
#thinspo #edtwt #proana https://t.co/ufOhgepyp1"
370,peepee,"RT @sickjunkie: obsessed w this fit
#thinspo #edtwt #proana https://t.co/ufOhgepyp1"
371,peepee,"RT @jackkkk671: â™¡ Â·Ëš
TWâ•thinspo ê’±ËËŠ-

Tag; #edtwt #thinspo #proana â• https://t.co/aW9sGCvtTo"
372,That one sad girl in the room,RT @goremachines: this belt is so cool #thinspo #thighgap #skinny #proana #meanspo #edtwt #bonespo #ana https://t.co/TxLAbDINAK
373,tw ed â™¡,"RT @pradask1nny: The progress thoâ€¦pics r 2 months apart ğŸ˜®
#skinny #EDtwt #proana https://t.co/Xdu0UDIDmB"
374,fğŸ›¸,"RT @avasskinny: ğŸ”¥ğŸ¥µğŸ¥¶the boys ğŸ¥¶ğŸ¥µğŸ”¥ being fatphobic : a meanspo thread that works surprisingly well ?

[tags: #fatspo #fatsp0 #proana #proanatwâ€¦"
375,sage ğŸª´,the feeling u have after purging is the absolute worst or the best no inbetween. #edtwt #thinspo #proana
376,J,RT @iwanabeskinni: Wish I looked like this ğŸŒ¸ #thinspo #edtw #edtwt #proana #pro4na https://t.co/QFCMxhIPM5
377,J,RT @minsthinspo: tags: #thinspo #armspo #legso #edtwt #proana #bonespo https://t.co/pdL448jL6w
378,Fe,RT @N0_ca1z: literally #edtwt #proana https://t.co/QQ2WJdIy1N
379,misa,"gonna be so skinny and pretty in 2022, canâ€™t wait ğŸ’ #edtwt #proana"
380,Berry ğŸ“,"RT @dy1nglogs: -- sailor moon thinspo/meanspo thread
#proana #edtwt #thinspo #meanspo https://t.co/W0fIl4jOtw"
381,Ninja,"RT @leafcals: tw bodycheck (old)
#thinspo #proana #notprojustforreach #anorexia #bulimia #ana #edtwt #eatingdisorder

i miss :((( https://tâ€¦"
382,killme,RT @goremachines: this belt is so cool #thinspo #thighgap #skinny #proana #meanspo #edtwt #bonespo #ana https://t.co/TxLAbDINAK
383,ash,#edtwt #thinspo #proana not pro but using for reach https://t.co/VE7g8rVOvy
384,á´Éªá´Éª ğŸ¤ğŸ¦‹,"RT @sk1nnyme: how to stop overeating / get back ur honeymoon phase ! a ğŸ§µ

(#edtwt #edtwtthread #ana #proana #promia #thinspo #meanspo #sweeâ€¦"
385,starveğŸ¤,"RT @mxttprinxess: hi ^_^ im new to #edtwt 

-libby
-17
-gw:130
-bi
-#thinspo #proana 
-like and rt to be mutals &lt;3

#meanspo #ed #sweetspoâ€¦"
386,Iâ€™m-not-important,"RT @reaganbishh: Wanna join an ed group?ğŸ§ƒğŸ¦‹

â€” group fasts/ trying out new diets

â€” weigh ins, body checks if you want

â€” fatspo, meanspo, tâ€¦"
387,arson,"Ê•â€¢á´¥â€¢Ê” ğ‘¡â„ğ‘–ğ‘›ğ‘ ğ‘ğ‘œ ğ‘¡â„ğ‘Ÿğ‘’ğ‘ğ‘‘ â™¡ï¸â™¥ï¸â˜€ï¸ï¸â˜¾
#bonespo #thinspo #proana https://t.co/kwxgzv1kNU"
388,fenn,"RT @jackkkk671: â™¡ Â·Ëš
TWâ•thinspo ê’±ËËŠ-

Tag; #edtwt #thinspo #proana â• https://t.co/aW9sGCvtTo"
389,enabling my ed ğŸ¥¶,"I canâ€™t lay on my stomach anymore because thereâ€™s no padding for my ribs and hips. Iâ€™m freezing cold all the time. Might be time to actually try recovery.
(for reach): #thinspo #proana #fatspo #ricecaketwt #meanspo #sweetspo"
390,joyğŸ¤â„ï¸âœ¨,"â„ï¸ğŸ¤â„ï¸ Reach Tags â„ï¸ğŸ¤â„ï¸

#edtwt #EDtwt #edtwtthread #anorexiatwt #proanatwt #proana"
391,Ana Winter,Anorexics am freezing   ugh thigh gap #proana
392,Mayê¨„ï¸,"RT @relixeaa: a thinspo thread â‹†Ëšï½¡â‹†à­¨à­§Ëš

à¼º â†» or â™¡ à¼»

reach: #ED #edtwt #thinspo #thinsp0 #bonesp0 #thighsp0 #meansp0 #sweetsp0 #proana #twedâ€¦"
393,who knows,"Sophia , 15 

Im 171 cm and I weight 69kg 
I want to be skinny :(
Yea Iâ€™m new here so idk..
#edtwt #proana"
394,liz,seeing cool people while your dressed like a homeless person sucks ğŸ˜«ğŸ˜« #thinspo #thighgap #skinny #proana #meanspo #edtwt #bonespo #ana https://t.co/esDA896dGX
395,Kips,RT @r4v3nsth1nsp0: NOT MY PICS} but huge thinspo 4 me #proana #probulimia #thinspo #deathspo #aesthetic #skinny #bonespo #anorexia #bulimiaâ€¦
396,"Gabby/edtwt, shtwt",RT @N0_ca1z: literally #edtwt #proana https://t.co/QQ2WJdIy1N
397,luna,"RT @sk1nnyme: songs that make me want to starveğŸ˜¼

(#edtwt #edtwtthread #ana #proana #promia #thinspo #meanspo #sweetspo #thinsp0) https://tâ€¦"
